{"cameraMode":{"drawMode":0,"name":"Shaded","section":"Shading Mode"},"sceneLighting":false,"audioPlay":false,"sceneViewState":{"showFog":true,"showMaterialUpdate":false,"showSkybox":false,"showFlares":true,"showImageEffects":true,"showParticleSystems":true},"in2DMode":false,"pivot":{"x":-0.09718084335327149,"y":0.5089782476425171,"z":0.05681431293487549},"rotation":{"x":0.11903627216815949,"y":-0.7929644584655762,"z":0.16430290043354035,"w":0.5744990706443787},"size":1.7853710651397706,"orthographic":false}