{"cameraMode":{"drawMode":0,"name":"Shaded","section":"Shading Mode"},"sceneLighting":false,"audioPlay":false,"sceneViewState":{"showFog":true,"showMaterialUpdate":false,"showSkybox":false,"showFlares":true,"showImageEffects":true,"showParticleSystems":true},"in2DMode":false,"pivot":{"x":-1.1999998092651368,"y":5.190000057220459,"z":0.0},"rotation":{"x":0.08968029171228409,"y":-0.8540193438529968,"z":0.15700264275074006,"w":0.4878196120262146},"size":6.8801069259643559,"orthographic":false}