{"cameraMode":{"drawMode":0,"name":"Shaded","section":"Shading Mode"},"sceneLighting":false,"audioPlay":false,"sceneViewState":{"showFog":true,"showMaterialUpdate":false,"showSkybox":false,"showFlares":true,"showImageEffects":true,"showParticleSystems":true},"in2DMode":false,"pivot":{"x":-0.843455970287323,"y":9.027813911437989,"z":-25.59813690185547},"rotation":{"x":-0.0003109741664957255,"y":-0.9945254325866699,"z":-0.10449948906898499,"w":0.002960767364129424},"size":18.994726181030275,"orthographic":false}