{"cameraMode":{"drawMode":0,"name":"Shaded","section":"Shading Mode"},"sceneLighting":false,"audioPlay":false,"sceneViewState":{"showFog":true,"showMaterialUpdate":false,"showSkybox":false,"showFlares":true,"showImageEffects":true,"showParticleSystems":true},"in2DMode":false,"pivot":{"x":-0.39365309476852419,"y":0.7761619091033936,"z":-0.03993785381317139},"rotation":{"x":0.2729322910308838,"y":-0.5483363270759583,"z":0.19539308547973634,"w":0.765937864780426},"size":1.24700129032135,"orthographic":false}