{"cameraMode":{"drawMode":0,"name":"Shaded","section":"Shading Mode"},"sceneLighting":false,"audioPlay":false,"sceneViewState":{"showFog":true,"showMaterialUpdate":false,"showSkybox":false,"showFlares":true,"showImageEffects":true,"showParticleSystems":true},"in2DMode":false,"pivot":{"x":-0.21628746390342713,"y":0.4484346807003021,"z":-0.07664893567562103},"rotation":{"x":0.16845504939556123,"y":-0.6235780715942383,"z":0.13997408747673036,"w":0.7504567503929138},"size":0.5196515321731567,"orthographic":false}