{"cameraMode":{"drawMode":0,"name":"Shaded","section":"Shading Mode"},"sceneLighting":false,"audioPlay":false,"sceneViewState":{"showFog":true,"showMaterialUpdate":false,"showSkybox":false,"showFlares":true,"showImageEffects":true,"showParticleSystems":true},"in2DMode":false,"pivot":{"x":6.496241092681885,"y":9.469010353088379,"z":-3.7051162719726564},"rotation":{"x":0.2729322910308838,"y":-0.5483363270759583,"z":0.19539308547973634,"w":0.765937864780426},"size":4.031620979309082,"orthographic":false}